{"spatial_extent": {
          "east": 11.371689015081296,
          "south": 46.44500631201319,
          "north": 46.52435165332716,
          "west": 11.253252336416189
        }
}