{"spatial_extent": {
          "east": 11.60992,
          "north": 46.49561,
          "south": 46.25908,
          "west": 11.32563
        }
}
